Metric,Min_s,Max_s,Avg_s,Count
ConnectionSetup,0.007743358612060547,51.025651931762695,19.018463532129925,3
Subscription,0.000514984130859375,0.0006494522094726562,0.0005725224812825521,3
PingRTT,0.0008516311645507812,4.038330316543579,0.9571953070791144,19
PingREQ_Sent,,,,12
PingRESP_Recv,,,,19
