Metric,Min_s,Max_s,Avg_s,Count
ConnectionSetup,0.026942968368530273,61.04921770095825,22.36457149187724,3
Subscription,0.0019545555114746094,0.0031757354736328125,0.002420345942179362,3
PingRTT,0.0013267993927001953,4.034338474273682,1.223813772201538,19
PingREQ_Sent,,,,12
PingRESP_Recv,,,,19
